OBJECTID,AGS,BL,BL_ID,county,anzahl_standorte,anzahl_meldebereiche,betten_frei,betten_belegt,betten_gesamt,Anteil_betten_frei,faelle_covid_aktuell,faelle_covid_aktuell_beatmet,Anteil_covid_beatmet,Anteil_COVID_betten,daten_stand,Shape__Area,Shape__Length
1,01001,Schleswig-Holstein,1,SK Flensburg,2,3,5,37,42,11.9047619047619,1,1,100,2.702703,03.11.2021 12:15 Uhr,147693626.561523,74100.9467744177
2,01002,Schleswig-Holstein,1,SK Kiel,3,5,45,119,164,27.4390243902439,4,4,100,3.361345,03.11.2021 12:15 Uhr,329500746.421875,178892.913406224
3,01003,Schleswig-Holstein,1,SK Lübeck,2,2,18,117,135,13.3333333333333,7,4,57,5.982906,03.11.2021 12:15 Uhr,608007216.918945,248166.852102909
4,01004,Schleswig-Holstein,1,SK Neumünster,1,1,3,22,25,12,0,0,0,0,03.11.2021 12:15 Uhr,207189854.999023,93457.824561373
5,01051,Schleswig-Holstein,1,LK Dithmarschen,1,1,3,35,38,7.89473684210526,2,0,0,5.714286,03.11.2021 12:15 Uhr,4147454781.73975,427802.637988689
6,01053,Schleswig-Holstein,1,LK Herzogtum Lauenburg,2,2,4,14,18,22.2222222222222,1,0,0,7.142857,03.11.2021 12:15 Uhr,3577022971.05078,431012.899536069
7,01054,Schleswig-Holstein,1,LK Nordfriesland,3,3,7,17,24,29.1666666666667,3,2,66,17.64706,03.11.2021 12:15 Uhr,6219441195.33936,1103174.21119115
8,01055,Schleswig-Holstein,1,LK Ostholstein,3,3,13,37,50,26,1,0,0,2.702703,03.11.2021 12:15 Uhr,4041330888.2251,618466.455584989
9,01056,Schleswig-Holstein,1,LK Pinneberg,2,2,1,34,35,2.85714285714286,1,1,100,2.941176,03.11.2021 12:15 Uhr,1816149634.5542,314023.168387401
10,01057,Schleswig-Holstein,1,LK Plön,1,1,8,4,12,66.6666666666667,0,0,0,0,03.11.2021 12:15 Uhr,3165070238.96436,391342.658218522
11,01058,Schleswig-Holstein,1,LK Rendsburg-Eckernförde,3,5,6,36,42,14.2857142857143,0,0,0,0,03.11.2021 12:15 Uhr,6353979581.44287,636142.630535394
12,01059,Schleswig-Holstein,1,LK Schleswig-Flensburg,1,1,0,24,24,0,0,0,0,0,03.11.2021 12:15 Uhr,5926777374.56885,755139.027426905
13,01060,Schleswig-Holstein,1,LK Segeberg,3,3,16,69,85,18.8235294117647,2,1,50,2.898551,03.11.2021 12:15 Uhr,3872871963.56689,488272.986841206
14,01061,Schleswig-Holstein,1,LK Steinburg,1,3,9,34,43,20.9302325581395,0,0,0,0,03.11.2021 12:15 Uhr,2930900269.72119,350989.084893498
15,01062,Schleswig-Holstein,1,LK Stormarn,3,3,5,25,30,16.6666666666667,1,0,0,4,03.11.2021 12:15 Uhr,2183690098.67188,429315.092236581
16,02000,Hamburg,2,SK Hamburg,24,34,92,531,623,14.7672552166934,46,28,60,8.6629,03.11.2021 12:15 Uhr,2099404607.16748,394726.935693789
17,03101,Niedersachsen,3,SK Braunschweig,5,7,30,99,129,23.2558139534884,2,1,50,2.020202,03.11.2021 12:15 Uhr,512920024.29834,157241.434440664
18,03102,Niedersachsen,3,SK Salzgitter,2,2,2,27,29,6.89655172413793,1,1,100,3.703704,03.11.2021 12:15 Uhr,596115689.513184,177812.850509094
19,03103,Niedersachsen,3,SK Wolfsburg,1,3,3,28,31,9.67741935483871,2,2,100,7.142857,03.11.2021 12:15 Uhr,550014029.318848,149492.861610472
20,03151,Niedersachsen,3,LK Gifhorn,1,1,1,11,12,8.33333333333333,2,1,50,18.18182,03.11.2021 12:15 Uhr,4242464948.34961,462846.4000582
21,03153,Niedersachsen,3,LK Goslar,3,3,2,27,29,6.89655172413793,2,1,50,7.407407,03.11.2021 12:15 Uhr,2538037891.64209,377860.381661906
22,03154,Niedersachsen,3,LK Helmstedt,1,1,4,13,17,23.5294117647059,3,2,66,23.07692,03.11.2021 12:15 Uhr,1800554828.34131,377352.312072861
23,03155,Niedersachsen,3,LK Northeim,2,2,4,17,21,19.047619047619,2,1,50,11.76471,03.11.2021 12:15 Uhr,3306843479.45117,368932.788479134
24,03157,Niedersachsen,3,LK Peine,1,1,5,11,16,31.25,2,1,50,18.18182,03.11.2021 12:15 Uhr,1432040111.01855,245055.382136429
25,03158,Niedersachsen,3,LK Wolfenbüttel,1,1,4,12,16,25,0,0,0,0,03.11.2021 12:15 Uhr,1918375640.01953,350009.8994248
26,03159,Niedersachsen,3,LK Göttingen,7,8,23,116,139,16.5467625899281,10,9,90,8.620689,03.11.2021 12:15 Uhr,4534517373.49414,618088.5929278
27,03241,Niedersachsen,3,Region Hannover,16,19,35,363,398,8.79396984924623,33,26,78,9.090909,03.11.2021 12:15 Uhr,6166981695.65332,619967.563332535
28,03251,Niedersachsen,3,LK Diepholz,3,3,2,15,17,11.7647058823529,0,0,0,0,03.11.2021 12:15 Uhr,5418576247.77832,508851.49571766
29,03252,Niedersachsen,3,LK Hameln-Pyrmont,4,6,9,65,74,12.1621621621622,4,1,25,6.153846,03.11.2021 12:15 Uhr,2110491048.05127,339858.964261634
30,03254,Niedersachsen,3,LK Hildesheim,4,7,11,65,76,14.4736842105263,1,0,0,1.538462,03.11.2021 12:15 Uhr,3193776123.82324,407877.171261479
31,03255,Niedersachsen,3,LK Holzminden,1,1,3,8,11,27.2727272727273,2,1,50,25,03.11.2021 12:15 Uhr,1819678737.84863,305583.470986099
32,03256,Niedersachsen,3,LK Nienburg (Weser),1,1,0,14,14,0,1,0,0,7.142857,03.11.2021 12:15 Uhr,3793224469.02588,522792.96865046
33,03257,Niedersachsen,3,LK Schaumburg,1,1,2,25,27,7.40740740740741,2,0,0,8,03.11.2021 12:15 Uhr,1804878750.47119,335991.829541048
34,03351,Niedersachsen,3,LK Celle,1,2,2,30,32,6.25,3,2,66,10,03.11.2021 12:15 Uhr,4216336287.62793,404693.834394817
35,03352,Niedersachsen,3,LK Cuxhaven,2,2,7,8,15,46.6666666666667,0,0,0,0,03.11.2021 12:15 Uhr,5841487220.85059,520099.71771223
36,03353,Niedersachsen,3,LK Harburg,3,3,4,28,32,12.5,6,2,33,21.42857,03.11.2021 12:15 Uhr,3493372215.1167,430319.604981097
37,03354,Niedersachsen,3,LK Lüchow-Dannenberg,1,1,1,5,6,16.6666666666667,1,1,100,20,03.11.2021 12:15 Uhr,3383198948.69873,378936.074812881
38,03355,Niedersachsen,3,LK Lüneburg,1,3,14,31,45,31.1111111111111,1,1,100,3.225806,03.11.2021 12:15 Uhr,3697283268.98779,532228.98712137
39,03356,Niedersachsen,3,LK Osterholz,2,3,2,10,12,16.6666666666667,1,0,0,10,03.11.2021 12:15 Uhr,1821292811.2876,300740.21841552
40,03357,Niedersachsen,3,LK Rotenburg (Wümme),2,3,4,28,32,12.5,1,0,0,3.571429,03.11.2021 12:15 Uhr,5782151600.52539,591150.400792675
41,03358,Niedersachsen,3,LK Heidekreis,2,2,4,14,18,22.2222222222222,1,0,0,7.142857,03.11.2021 12:15 Uhr,5169968521.32764,606025.336100965
42,03359,Niedersachsen,3,LK Stade,2,3,6,25,31,19.3548387096774,0,0,0,0,03.11.2021 12:15 Uhr,3417142419.19043,506654.456425915
43,03360,Niedersachsen,3,LK Uelzen,2,2,2,74,76,2.63157894736842,2,2,100,2.702703,03.11.2021 12:15 Uhr,4027238698.70996,366796.096884467
44,03361,Niedersachsen,3,LK Verden,2,2,0,14,14,0,1,0,0,7.142857,03.11.2021 12:15 Uhr,2172047076.8208,373256.217605048
45,03401,Niedersachsen,3,SK Delmenhorst,1,1,0,16,16,0,1,0,0,6.25,03.11.2021 12:15 Uhr,172562476.950195,76845.8398539144
46,03402,Niedersachsen,3,SK Emden,1,1,4,15,19,21.0526315789474,1,1,100,6.666667,03.11.2021 12:15 Uhr,311633301.64209,114087.829817985
47,03403,Niedersachsen,3,SK Oldenburg,3,6,10,108,118,8.47457627118644,11,8,72,10.18519,03.11.2021 12:15 Uhr,287759800.293457,86788.6019855946
48,03404,Niedersachsen,3,SK Osnabrück,4,5,4,116,120,3.33333333333333,13,7,53,11.2069,03.11.2021 12:15 Uhr,320553118.047852,121781.056186072
49,03405,Niedersachsen,3,SK Wilhelmshaven,1,2,11,18,29,37.9310344827586,2,2,100,11.11111,03.11.2021 12:15 Uhr,304272459.212402,96594.1083487918
50,03451,Niedersachsen,3,LK Ammerland,2,3,6,27,33,18.1818181818182,0,0,0,0,03.11.2021 12:15 Uhr,2031741413.41992,256832.531587414
51,03452,Niedersachsen,3,LK Aurich,3,4,7,29,36,19.4444444444444,1,0,0,3.448276,03.11.2021 12:15 Uhr,3651045074.99121,614911.849294578
52,03453,Niedersachsen,3,LK Cloppenburg,3,3,6,18,24,25,4,3,75,22.22222,03.11.2021 12:15 Uhr,3900562887.30322,377757.752998488
53,03454,Niedersachsen,3,LK Emsland,6,10,21,69,90,23.3333333333333,5,1,20,7.246377,03.11.2021 12:15 Uhr,7853277909.4751,495445.429278956
54,03455,Niedersachsen,3,LK Friesland,2,2,0,31,31,0,0,0,0,0,03.11.2021 12:15 Uhr,1743684236.69727,351395.548890274
55,03456,Niedersachsen,3,LK Grafschaft Bentheim,1,1,6,21,27,22.2222222222222,1,0,0,4.761905,03.11.2021 12:15 Uhr,2642495780.68896,318102.724693112
56,03457,Niedersachsen,3,LK Leer,4,6,14,17,31,45.1612903225806,0,0,0,0,03.11.2021 12:15 Uhr,2974734185.20898,386268.797911425
57,03458,Niedersachsen,3,LK Oldenburg,1,1,2,8,10,20,1,1,100,12.5,03.11.2021 12:15 Uhr,2933918158.51855,328828.957588976
58,03459,Niedersachsen,3,LK Osnabrück,6,7,17,78,95,17.8947368421053,3,1,33,3.846154,03.11.2021 12:15 Uhr,5683158481.00195,617679.340958347
59,03460,Niedersachsen,3,LK Vechta,3,5,5,29,34,14.7058823529412,2,1,50,6.896552,03.11.2021 12:15 Uhr,2208376340.51025,288856.014281051
60,03462,Niedersachsen,3,LK Wittmund,1,1,0,8,8,0,0,0,0,0,03.11.2021 12:15 Uhr,1869342300.36084,401613.785407481
61,04011,Bremen,4,SK Bremen,8,9,5,150,155,3.2258064516129,16,9,56,10.66667,03.11.2021 12:15 Uhr,902567974.490234,254060.30786039
62,04012,Bremen,4,SK Bremerhaven,3,4,16,35,51,31.3725490196078,6,6,100,17.14286,03.11.2021 12:15 Uhr,216708270.711914,112581.40376382
63,05111,Nordrhein-Westfalen,5,SK Düsseldorf,11,14,22,283,305,7.21311475409836,26,9,34,9.187279,03.11.2021 12:15 Uhr,553780462.695801,179084.682878908
64,05112,Nordrhein-Westfalen,5,SK Duisburg,9,15,24,167,191,12.565445026178,12,2,16,7.185629,03.11.2021 12:15 Uhr,598932469.669434,153087.212844834
65,05113,Nordrhein-Westfalen,5,SK Essen,12,15,27,340,367,7.35694822888283,20,12,60,5.882353,03.11.2021 12:15 Uhr,540792586.832031,130248.872191118
66,05114,Nordrhein-Westfalen,5,SK Krefeld,4,7,9,77,86,10.4651162790698,7,3,42,9.090909,03.11.2021 12:15 Uhr,349774935.122559,101533.531507524
67,05116,Nordrhein-Westfalen,5,SK Mönchengladbach,4,6,8,83,91,8.79120879120879,11,5,45,13.25301,03.11.2021 12:15 Uhr,433581625.603027,134199.897742569
68,05117,Nordrhein-Westfalen,5,SK Mülheim a.d.Ruhr,2,2,6,30,36,16.6666666666667,2,1,50,6.666667,03.11.2021 12:15 Uhr,234247444.339355,76341.4915481507
69,05119,Nordrhein-Westfalen,5,SK Oberhausen,4,6,10,62,72,13.8888888888889,3,3,100,4.83871,03.11.2021 12:15 Uhr,199753347.499512,75733.0329574286
70,05120,Nordrhein-Westfalen,5,SK Remscheid,1,1,6,20,26,23.0769230769231,0,0,0,0,03.11.2021 12:15 Uhr,188293218.143555,74196.4389955334
71,05122,Nordrhein-Westfalen,5,SK Solingen,3,4,11,61,72,15.2777777777778,5,3,60,8.196721,03.11.2021 12:15 Uhr,225979479.527832,96678.2755975863
72,05124,Nordrhein-Westfalen,5,SK Wuppertal,5,7,26,124,150,17.3333333333333,8,4,50,6.451613,03.11.2021 12:15 Uhr,429164267.90918,138959.076159963
73,05154,Nordrhein-Westfalen,5,LK Kleve,5,8,9,58,67,13.4328358208955,3,1,33,5.172414,03.11.2021 12:15 Uhr,3199308798.5957,440718.866227561
74,05158,Nordrhein-Westfalen,5,LK Mettmann,6,6,7,54,61,11.4754098360656,5,1,20,9.259259,03.11.2021 12:15 Uhr,1040079584.72607,284719.068302273
75,05162,Nordrhein-Westfalen,5,LK Rhein-Kreis Neuss,5,7,16,85,101,15.8415841584158,4,2,50,4.705883,03.11.2021 12:15 Uhr,1463159967.79785,272649.661292583
76,05166,Nordrhein-Westfalen,5,LK Viersen,4,4,3,31,34,8.82352941176471,1,1,100,3.225806,03.11.2021 12:15 Uhr,1438501782.604,237510.790712618
77,05170,Nordrhein-Westfalen,5,LK Wesel,8,11,26,101,127,20.4724409448819,4,1,25,3.960396,03.11.2021 12:15 Uhr,2700800363.72803,380728.044015959
78,05314,Nordrhein-Westfalen,5,SK Bonn,11,18,17,271,288,5.90277777777778,17,11,64,6.273063,03.11.2021 12:15 Uhr,352670673.740234,103130.420525322
79,05315,Nordrhein-Westfalen,5,SK Köln,18,30,16,383,399,4.01002506265664,39,22,56,10.18277,03.11.2021 12:15 Uhr,1023023828.90039,194330.588737807
80,05316,Nordrhein-Westfalen,5,SK Leverkusen,2,5,7,62,69,10.1449275362319,5,2,40,8.064516,03.11.2021 12:15 Uhr,199109627.766113,83031.1393440144
81,05334,Nordrhein-Westfalen,5,StadtRegion Aachen,7,13,18,264,282,6.38297872340426,14,9,64,5.30303,03.11.2021 12:15 Uhr,1755953576.79321,427963.049651402
82,05358,Nordrhein-Westfalen,5,LK Düren,4,6,7,55,62,11.2903225806452,7,4,57,12.72727,03.11.2021 12:15 Uhr,2352854714.14795,379409.421534833
83,05362,Nordrhein-Westfalen,5,LK Rhein-Erft-Kreis,6,6,8,50,58,13.7931034482759,4,2,50,8,03.11.2021 12:15 Uhr,1765961938.62988,307322.81659681
84,05366,Nordrhein-Westfalen,5,LK Euskirchen,3,3,3,23,26,11.5384615384615,5,4,80,21.73913,03.11.2021 12:15 Uhr,3090633775.49756,454937.055503275
85,05370,Nordrhein-Westfalen,5,LK Heinsberg,3,3,2,38,40,5,6,3,50,15.78947,03.11.2021 12:15 Uhr,1584834460.39966,264157.025869193
86,05374,Nordrhein-Westfalen,5,LK Oberbergischer Kreis,5,5,9,50,59,15.2542372881356,7,0,0,14,03.11.2021 12:15 Uhr,2316589920.97803,352762.860982272
87,05378,Nordrhein-Westfalen,5,LK Rheinisch-Bergischer Kreis,4,4,3,38,41,7.31707317073171,5,4,80,13.1579,03.11.2021 12:15 Uhr,1105869100.44043,261207.484496324
88,05382,Nordrhein-Westfalen,5,LK Rhein-Sieg-Kreis,6,7,11,75,86,12.7906976744186,7,2,28,9.333333,03.11.2021 12:15 Uhr,2875978332.0293,497618.773872376
89,05512,Nordrhein-Westfalen,5,SK Bottrop,2,2,16,27,43,37.2093023255814,2,2,100,7.407407,03.11.2021 12:15 Uhr,259101719.447754,92717.3307025786
90,05513,Nordrhein-Westfalen,5,SK Gelsenkirchen,4,7,19,76,95,20,4,2,50,5.263158,03.11.2021 12:15 Uhr,271967694.921387,91950.6982616841
91,05515,Nordrhein-Westfalen,5,SK Münster,7,9,13,202,215,6.04651162790698,5,4,80,2.475248,03.11.2021 12:15 Uhr,797962000.759766,168954.230089742
92,05554,Nordrhein-Westfalen,5,LK Borken,5,6,14,53,67,20.8955223880597,5,4,80,9.433962,03.11.2021 12:15 Uhr,3737311704.7251,439325.661903725
93,05558,Nordrhein-Westfalen,5,LK Coesfeld,3,5,1,30,31,3.2258064516129,2,1,50,6.666667,03.11.2021 12:15 Uhr,2912660806.32471,353683.973062248
94,05562,Nordrhein-Westfalen,5,LK Recklinghausen,14,15,31,195,226,13.716814159292,13,4,30,6.666667,03.11.2021 12:15 Uhr,1976666130.10596,314775.402267487
95,05566,Nordrhein-Westfalen,5,LK Steinfurt,5,7,16,90,106,15.0943396226415,4,2,50,4.444445,03.11.2021 12:15 Uhr,4774094379.15234,413151.273448033
96,05570,Nordrhein-Westfalen,5,LK Warendorf,5,6,5,40,45,11.1111111111111,4,1,25,10,03.11.2021 12:15 Uhr,3453471986.93018,387510.993437389
97,05711,Nordrhein-Westfalen,5,SK Bielefeld,4,6,15,127,142,10.5633802816901,8,4,50,6.299212,03.11.2021 12:15 Uhr,682788767.430176,159051.589284225
98,05754,Nordrhein-Westfalen,5,LK Gütersloh,3,3,9,23,32,28.125,3,0,0,13.04348,03.11.2021 12:15 Uhr,2545982058.03613,342020.991436361
99,05758,Nordrhein-Westfalen,5,LK Herford,3,5,9,45,54,16.6666666666667,5,3,60,11.11111,03.11.2021 12:15 Uhr,1196307766.38135,247331.094784519
100,05762,Nordrhein-Westfalen,5,LK Höxter,5,6,11,24,35,31.4285714285714,3,3,100,12.5,03.11.2021 12:15 Uhr,3119100935.14795,348481.325351329
101,05766,Nordrhein-Westfalen,5,LK Lippe,2,2,0,50,50,0,6,1,16,12,03.11.2021 12:15 Uhr,3278783677.59961,381516.971469925
102,05770,Nordrhein-Westfalen,5,LK Minden-Lübbecke,6,9,17,194,211,8.05687203791469,14,7,50,7.216495,03.11.2021 12:15 Uhr,3082753153.70313,426963.284286338
103,05774,Nordrhein-Westfalen,5,LK Paderborn,5,7,8,80,88,9.09090909090909,12,9,75,15,03.11.2021 12:15 Uhr,3235797284.74512,329451.330427031
104,05911,Nordrhein-Westfalen,5,SK Bochum,6,8,23,166,189,12.1693121693122,16,11,68,9.638555,03.11.2021 12:15 Uhr,372648258.547852,102641.548412026
105,05913,Nordrhein-Westfalen,5,SK Dortmund,9,9,23,264,287,8.01393728222996,12,5,41,4.545455,03.11.2021 12:15 Uhr,721188326.810059,157707.278587712
106,05914,Nordrhein-Westfalen,5,SK Hagen,5,7,8,74,82,9.75609756097561,4,2,50,5.405406,03.11.2021 12:15 Uhr,410472024.887695,135862.322417603
107,05915,Nordrhein-Westfalen,5,SK Hamm,5,7,19,74,93,20.4301075268817,3,3,100,4.054054,03.11.2021 12:15 Uhr,590783818.648926,151081.523549396
108,05916,Nordrhein-Westfalen,5,SK Herne,4,4,7,56,63,11.1111111111111,4,2,50,7.142857,03.11.2021 12:15 Uhr,132916224.397461,63290.2879627692
109,05954,Nordrhein-Westfalen,5,LK Ennepe-Ruhr-Kreis,6,8,23,105,128,17.96875,4,1,25,3.809524,03.11.2021 12:15 Uhr,1051798676.02344,268382.921797299
110,05958,Nordrhein-Westfalen,5,LK Hochsauerlandkreis,9,10,19,68,87,21.8390804597701,5,2,40,7.352941,03.11.2021 12:15 Uhr,5007546082.05811,553954.735813912
111,05962,Nordrhein-Westfalen,5,LK Märkischer Kreis,8,10,18,85,103,17.4757281553398,8,4,50,9.411765,03.11.2021 12:15 Uhr,2706163168.28955,324645.912152245
112,05966,Nordrhein-Westfalen,5,LK Olpe,3,3,8,18,26,30.7692307692308,1,1,100,5.555555,03.11.2021 12:15 Uhr,1801078096.77051,302875.511745583
113,05970,Nordrhein-Westfalen,5,LK Siegen-Wittgenstein,5,5,7,97,104,6.73076923076923,8,5,62,8.247422,03.11.2021 12:15 Uhr,2851865074.42822,350772.786224791
114,05974,Nordrhein-Westfalen,5,LK Soest,7,9,19,71,90,21.1111111111111,5,0,0,7.042253,03.11.2021 12:15 Uhr,3435308204.72119,353340.776506919
115,05978,Nordrhein-Westfalen,5,LK Unna,8,8,8,100,108,7.40740740740741,7,2,28,7,03.11.2021 12:15 Uhr,1403385001.26123,320633.875174699
116,06411,Hessen,6,SK Darmstadt,4,7,14,86,100,14,7,3,42,8.139535,03.11.2021 12:15 Uhr,296248803.665039,97331.9862484398
117,06412,Hessen,6,SK Frankfurt am Main,12,17,32,269,301,10.6312292358804,32,19,59,11.89591,03.11.2021 12:15 Uhr,603009461.995605,167142.879957496
118,06413,Hessen,6,SK Offenbach,2,4,11,96,107,10.2803738317757,7,5,71,7.291667,03.11.2021 12:15 Uhr,110048289.940918,63139.8147441584
119,06414,Hessen,6,SK Wiesbaden,4,6,8,94,102,7.84313725490196,14,7,50,14.89362,03.11.2021 12:15 Uhr,494107252.737305,118713.266378809
120,06431,Hessen,6,LK Bergstraße,5,5,9,31,40,22.5,5,3,60,16.12903,03.11.2021 12:15 Uhr,1711125530.50049,355546.026251129
121,06432,Hessen,6,LK Darmstadt-Dieburg,2,2,0,27,27,0,11,7,63,40.74074,03.11.2021 12:15 Uhr,1580801239.98438,332100.526820842
122,06433,Hessen,6,LK Groß-Gerau,2,2,2,22,24,8.33333333333333,4,2,50,18.18182,03.11.2021 12:15 Uhr,1091755047.44678,216922.525403753
123,06434,Hessen,6,LK Hochtaunuskreis,2,2,2,24,26,7.69230769230769,3,1,33,12.5,03.11.2021 12:15 Uhr,1176110073.36719,233373.028490419
124,06435,Hessen,6,LK Main-Kinzig-Kreis,4,7,3,79,82,3.65853658536585,13,5,38,16.4557,03.11.2021 12:15 Uhr,3411349173.62939,469504.562416273
125,06436,Hessen,6,LK Main-Taunus-Kreis,2,2,1,25,26,3.84615384615385,5,2,40,20,03.11.2021 12:15 Uhr,538070127.416992,182838.32439053
126,06437,Hessen,6,LK Odenwaldkreis,2,2,8,118,126,6.34920634920635,1,0,0,0.8474576,03.11.2021 12:15 Uhr,1490340116.6333,269895.278377517
127,06438,Hessen,6,LK Offenbach,2,2,2,19,21,9.52380952380952,11,5,45,57.89474,03.11.2021 12:15 Uhr,861604956.625,182183.266372328
128,06439,Hessen,6,LK Rheingau-Taunus-Kreis,2,2,2,14,16,12.5,5,3,60,35.71429,03.11.2021 12:15 Uhr,1974553323.07813,316028.900873736
129,06440,Hessen,6,LK Wetteraukreis,5,5,1,64,65,1.53846153846154,6,2,33,9.375,03.11.2021 12:15 Uhr,2700929943.25098,411421.969567074
130,06531,Hessen,6,LK Gießen,4,6,10,207,217,4.60829493087558,15,12,80,7.246377,03.11.2021 12:15 Uhr,2117767065.95801,341286.093346469
131,06532,Hessen,6,LK Lahn-Dill-Kreis,2,2,3,42,45,6.66666666666667,5,0,0,11.90476,03.11.2021 12:15 Uhr,2646340076.38428,344311.30622641
132,06533,Hessen,6,LK Limburg-Weilburg,3,3,9,41,50,18,4,1,25,9.756098,03.11.2021 12:15 Uhr,1818628449.39648,269819.414902395
133,06534,Hessen,6,LK Marburg-Biedenkopf,3,3,17,122,139,12.2302158273381,5,5,100,4.098361,03.11.2021 12:15 Uhr,3160127762.0791,346789.140029459
134,06535,Hessen,6,LK Vogelsbergkreis,4,4,6,20,26,23.0769230769231,0,0,0,0,03.11.2021 12:15 Uhr,3620727556.49023,442898.731872629
135,06611,Hessen,6,SK Kassel,6,6,10,134,144,6.94444444444444,11,2,18,8.208955,03.11.2021 12:15 Uhr,266969585.65625,99279.8090814384
136,06631,Hessen,6,LK Fulda,3,5,14,80,94,14.8936170212766,3,0,0,3.75,03.11.2021 12:15 Uhr,3419498011.46924,392460.987541438
137,06632,Hessen,6,LK Hersfeld-Rotenburg,3,4,12,46,58,20.6896551724138,4,0,0,8.695652,03.11.2021 12:15 Uhr,2757187951.60107,378573.895717832
138,06633,Hessen,6,LK Kassel,4,4,6,21,27,22.2222222222222,0,0,0,0,03.11.2021 12:15 Uhr,3323440897.70703,591822.664122067
139,06634,Hessen,6,LK Schwalm-Eder-Kreis,3,3,10,21,31,32.258064516129,3,1,33,14.28571,03.11.2021 12:15 Uhr,3885987760.16992,419810.234993369
140,06635,Hessen,6,LK Waldeck-Frankenberg,6,6,7,73,80,8.75,1,0,0,1.369863,03.11.2021 12:15 Uhr,4697783514.97656,502940.677827991
141,06636,Hessen,6,LK Werra-Meißner-Kreis,3,3,8,22,30,26.6666666666667,2,0,0,9.090909,03.11.2021 12:15 Uhr,2604346530.26709,441609.24891263
142,07111,Rheinland-Pfalz,7,SK Koblenz,4,6,23,90,113,20.353982300885,11,4,36,12.22222,03.11.2021 12:15 Uhr,259916243.892578,94049.3822655133
143,07131,Rheinland-Pfalz,7,LK Ahrweiler,2,2,2,15,17,11.7647058823529,0,0,0,0,03.11.2021 12:15 Uhr,1940049751.87158,311148.892716465
144,07132,Rheinland-Pfalz,7,LK Altenkirchen,2,2,6,10,16,37.5,0,0,0,0,03.11.2021 12:15 Uhr,1599579266.22412,357804.816567156
145,07133,Rheinland-Pfalz,7,LK Bad Kreuznach,4,6,12,34,46,26.0869565217391,1,0,0,2.941176,03.11.2021 12:15 Uhr,2073817248.72559,294645.608113372
146,07134,Rheinland-Pfalz,7,LK Birkenfeld,2,2,3,15,18,16.6666666666667,1,0,0,6.666667,03.11.2021 12:15 Uhr,1856627023.56152,269024.660033152
147,07135,Rheinland-Pfalz,7,LK Cochem-Zell,2,2,4,6,10,40,3,0,0,50,03.11.2021 12:15 Uhr,1684817256.6582,288841.139139814
148,07137,Rheinland-Pfalz,7,LK Mayen-Koblenz,3,3,7,28,35,20,1,1,100,3.571429,03.11.2021 12:15 Uhr,2001589814.49268,438889.159242651
149,07138,Rheinland-Pfalz,7,LK Neuwied,5,8,5,60,65,7.69230769230769,5,0,0,8.333333,03.11.2021 12:15 Uhr,1553216344.14697,282814.009278731
150,07140,Rheinland-Pfalz,7,LK Rhein-Hunsrück-Kreis,2,2,7,8,15,46.6666666666667,2,1,50,25,03.11.2021 12:15 Uhr,2400742465.87402,346157.571040187
151,03461,Niedersachsen,3,LK Wesermarsch,2,2,3,12,15,20,0,0,0,0,03.11.2021 12:15 Uhr,2321456979.42334,339378.017350328
152,07141,Rheinland-Pfalz,7,LK Rhein-Lahn-Kreis,5,5,1,30,31,3.2258064516129,3,1,33,10,03.11.2021 12:15 Uhr,1909997407.32227,332458.12724165
153,07143,Rheinland-Pfalz,7,LK Westerwaldkreis,4,4,4,26,30,13.3333333333333,2,2,100,7.692307,03.11.2021 12:15 Uhr,2449719803.09033,406610.120195141
154,07211,Rheinland-Pfalz,7,SK Trier,3,6,12,68,80,15,6,4,66,8.823529,03.11.2021 12:15 Uhr,276728488.631836,133789.90109003
155,07231,Rheinland-Pfalz,7,LK Bernkastel-Wittlich,2,2,6,18,24,25,1,0,0,5.555555,03.11.2021 12:15 Uhr,2816474338.31738,329041.943132826
156,07232,Rheinland-Pfalz,7,LK Bitburg-Prüm,2,2,2,12,14,14.2857142857143,1,0,0,8.333333,03.11.2021 12:15 Uhr,3945817030.69385,404215.220462
157,07233,Rheinland-Pfalz,7,LK Vulkaneifel,2,2,2,14,16,12.5,0,0,0,0,03.11.2021 12:15 Uhr,2225634090.31885,402085.309566026
158,07235,Rheinland-Pfalz,7,LK Trier-Saarburg,2,2,3,13,16,18.75,1,0,0,7.692307,03.11.2021 12:15 Uhr,2639072565.44482,502689.231803427
159,07311,Rheinland-Pfalz,7,SK Frankenthal,1,1,1,10,11,9.09090909090909,1,1,100,10,03.11.2021 12:15 Uhr,103696221.734863,63267.3977317316
160,07312,Rheinland-Pfalz,7,SK Kaiserslautern,1,3,14,91,105,13.3333333333333,3,2,66,3.296703,03.11.2021 12:15 Uhr,331228707.883789,115186.173718188
161,07313,Rheinland-Pfalz,7,SK Landau i.d.Pfalz,2,3,7,17,24,29.1666666666667,3,1,33,17.64706,03.11.2021 12:15 Uhr,194357015.681641,134788.013607605
162,07314,Rheinland-Pfalz,7,SK Ludwigshafen,4,6,24,91,115,20.8695652173913,9,4,44,9.89011,03.11.2021 12:15 Uhr,184292203.316895,79906.4912893644
163,07315,Rheinland-Pfalz,7,SK Mainz,2,2,17,94,111,15.3153153153153,9,6,66,9.574468,03.11.2021 12:15 Uhr,235932114.834473,96700.9419209222
164,07316,Rheinland-Pfalz,7,SK Neustadt a.d.Weinstraße,1,1,7,10,17,41.1764705882353,1,0,0,10,03.11.2021 12:15 Uhr,276111884.279785,113902.319745907
165,07317,Rheinland-Pfalz,7,SK Pirmasens,1,2,2,14,16,12.5,1,0,0,7.142857,03.11.2021 12:15 Uhr,143988860.151855,74797.1412320624
166,07318,Rheinland-Pfalz,7,SK Speyer,2,3,2,25,27,7.40740740740741,4,1,25,16,03.11.2021 12:15 Uhr,100746531.516113,61795.223402243
167,07319,Rheinland-Pfalz,7,SK Worms,1,3,1,53,54,1.85185185185185,3,2,66,5.660378,03.11.2021 12:15 Uhr,259180796.820313,113974.608927493
168,07320,Rheinland-Pfalz,7,SK Zweibrücken,1,1,3,6,9,33.3333333333333,0,0,0,0,03.11.2021 12:15 Uhr,166028025.623047,90623.2605344581
169,07331,Rheinland-Pfalz,7,LK Alzey-Worms,1,1,4,4,8,50,0,0,0,0,03.11.2021 12:15 Uhr,1407462207.68896,292949.45012127
170,07332,Rheinland-Pfalz,7,LK Bad Dürkheim,2,2,6,7,13,46.1538461538462,4,2,50,57.14286,03.11.2021 12:15 Uhr,1404069747.17334,301150.330984026
171,07333,Rheinland-Pfalz,7,LK Donnersbergkreis,2,2,2,10,12,16.6666666666667,0,0,0,0,03.11.2021 12:15 Uhr,1535006995.12305,245073.43420778
172,07334,Rheinland-Pfalz,7,LK Germersheim,2,2,2,17,19,10.5263157894737,3,2,66,17.64706,03.11.2021 12:15 Uhr,1080639576.36084,212449.494886045
173,07335,Rheinland-Pfalz,7,LK Kaiserslautern,1,1,4,6,10,40,1,0,0,16.66667,03.11.2021 12:15 Uhr,1514211886.32471,407700.263135105
174,07336,Rheinland-Pfalz,7,LK Kusel,1,1,4,12,16,25,0,0,0,0,03.11.2021 12:15 Uhr,1360124471.65039,281101.652947759
175,07339,Rheinland-Pfalz,7,LK Mainz-Bingen,1,1,0,10,10,0,0,0,0,0,03.11.2021 12:15 Uhr,1459513641.49463,355042.723633217
176,07340,Rheinland-Pfalz,7,LK Südwestpfalz,1,1,6,3,9,66.6666666666667,0,0,0,0,03.11.2021 12:15 Uhr,2233496876.97021,439868.086517379
177,08111,Baden-Württemberg,8,SK Stuttgart,10,12,21,230,251,8.36653386454183,31,17,54,13.47826,03.11.2021 12:15 Uhr,482610630.23877,144640.31651646
178,08115,Baden-Württemberg,8,LK Böblingen,4,6,1,48,49,2.04081632653061,8,4,50,16.66667,03.11.2021 12:15 Uhr,1414516278.81494,292958.396363231
179,08116,Baden-Württemberg,8,LK Esslingen,4,8,8,71,79,10.126582278481,16,7,43,22.53521,03.11.2021 12:15 Uhr,1464617235.6709,288295.210001196
180,08117,Baden-Württemberg,8,LK Göppingen,3,5,11,31,42,26.1904761904762,6,3,50,19.35484,03.11.2021 12:15 Uhr,1471840984.75977,294104.769550585
181,08118,Baden-Württemberg,8,LK Ludwigsburg,4,5,1,83,84,1.19047619047619,10,7,70,12.04819,03.11.2021 12:15 Uhr,1590460432.52637,322032.352854445
182,08119,Baden-Württemberg,8,LK Rems-Murr-Kreis,2,4,14,50,64,21.875,11,6,54,22,03.11.2021 12:15 Uhr,1981893000.75488,323796.147953547
183,08121,Baden-Württemberg,8,SK Heilbronn,1,3,3,41,44,6.81818181818182,6,3,50,14.63415,03.11.2021 12:15 Uhr,235089918.56543,102052.061302916
184,08125,Baden-Württemberg,8,LK Heilbronn,2,2,4,48,52,7.69230769230769,3,3,100,6.25,03.11.2021 12:15 Uhr,2568815626.74707,546927.60659987
185,08126,Baden-Württemberg,8,LK Hohenlohekreis,1,1,1,6,7,14.2857142857143,1,1,100,16.66667,03.11.2021 12:15 Uhr,1823653869.91748,353758.165594043
186,08127,Baden-Württemberg,8,LK Schwäbisch Hall,2,4,8,44,52,15.3846153846154,3,1,33,6.818182,03.11.2021 12:15 Uhr,3464748029.05518,519637.961168905
187,08128,Baden-Württemberg,8,LK Main-Tauber-Kreis,3,4,17,45,62,27.4193548387097,4,2,50,8.888889,03.11.2021 12:15 Uhr,3098384787.99512,552472.636603219
188,08135,Baden-Württemberg,8,LK Heidenheim,1,2,4,17,21,19.047619047619,5,0,0,29.41176,03.11.2021 12:15 Uhr,1436951157.27979,355965.452062642
189,08136,Baden-Württemberg,8,LK Ostalbkreis,4,8,14,59,73,19.1780821917808,4,2,50,6.779661,03.11.2021 12:15 Uhr,3489029029.875,528232.026833802
190,08211,Baden-Württemberg,8,SK Baden-Baden,1,3,2,20,22,9.09090909090909,5,1,20,25,03.11.2021 12:15 Uhr,321725429.120605,148727.669577909
191,08212,Baden-Württemberg,8,SK Karlsruhe,4,6,16,104,120,13.3333333333333,13,10,76,12.5,03.11.2021 12:15 Uhr,404101712.462402,123880.117998306
192,08215,Baden-Württemberg,8,LK Karlsruhe,3,3,13,34,47,27.6595744680851,9,5,55,26.47059,03.11.2021 12:15 Uhr,2525474342.7041,435079.769134824
193,08216,Baden-Württemberg,8,LK Rastatt,2,2,3,7,10,30,0,0,0,0,03.11.2021 12:15 Uhr,1698320155.06006,452543.451743124
194,08221,Baden-Württemberg,8,SK Heidelberg,6,8,29,225,254,11.4173228346457,10,6,60,4.444445,03.11.2021 12:15 Uhr,257856188.776367,103860.764583892
195,08222,Baden-Württemberg,8,SK Mannheim,3,6,11,99,110,10,14,11,78,14.14141,03.11.2021 12:15 Uhr,343681688.713379,101976.239863888
196,08225,Baden-Württemberg,8,LK Neckar-Odenwald-Kreis,3,3,7,16,23,30.4347826086957,2,0,0,12.5,03.11.2021 12:15 Uhr,2661950422.5166,376885.940358101
197,08226,Baden-Württemberg,8,LK Rhein-Neckar-Kreis,4,4,2,34,36,5.55555555555556,9,3,33,26.47059,03.11.2021 12:15 Uhr,2498930613.89307,577860.346211848
198,08231,Baden-Württemberg,8,SK Pforzheim,2,4,5,53,58,8.62068965517241,8,2,25,15.09434,03.11.2021 12:15 Uhr,226821740.124023,88018.130677247
199,08235,Baden-Württemberg,8,LK Calw,3,3,3,23,26,11.5384615384615,2,0,0,8.695652,03.11.2021 12:15 Uhr,1827322007.51904,310131.509785501
200,08236,Baden-Württemberg,8,LK Enzkreis,2,2,1,11,12,8.33333333333333,3,1,33,27.27273,03.11.2021 12:15 Uhr,1326274566.77197,348514.391050114
201,08237,Baden-Württemberg,8,LK Freudenstadt,1,1,0,7,7,0,2,2,100,28.57143,03.11.2021 12:15 Uhr,1980385325.33789,329358.73766566
202,08311,Baden-Württemberg,8,SK Freiburg i.Breisgau,4,7,53,169,222,23.8738738738739,15,9,60,8.87574,03.11.2021 12:15 Uhr,344063610.701172,135594.672849069
203,08315,Baden-Württemberg,8,LK Breisgau-Hochschwarzwald,3,3,1,29,30,3.33333333333333,0,0,0,0,03.11.2021 12:15 Uhr,3064281719.00684,548324.017914336
204,08316,Baden-Württemberg,8,LK Emmendingen,3,3,1,88,89,1.12359550561798,4,2,50,4.545455,03.11.2021 12:15 Uhr,1527430149.68213,256199.200650958
205,08317,Baden-Württemberg,8,LK Ortenaukreis,6,8,17,68,85,20,9,2,22,13.23529,03.11.2021 12:15 Uhr,4219074270.47803,392390.315907101
206,08325,Baden-Württemberg,8,LK Rottweil,2,2,2,9,11,18.1818181818182,3,2,66,33.33333,03.11.2021 12:15 Uhr,1734683918.39307,323137.905161245
207,08326,Baden-Württemberg,8,LK Schwarzwald-Baar-Kreis,2,6,2,55,57,3.50877192982456,8,1,12,14.54545,03.11.2021 12:15 Uhr,2291626841.09131,341193.570347323
208,08327,Baden-Württemberg,8,LK Tuttlingen,1,1,0,10,10,0,2,1,50,20,03.11.2021 12:15 Uhr,1638987519.76611,268855.197328684
209,08335,Baden-Württemberg,8,LK Konstanz,6,10,13,74,87,14.9425287356322,7,0,0,9.459459,03.11.2021 12:15 Uhr,1810128015.29883,449004.271731343
210,08336,Baden-Württemberg,8,LK Lörrach,2,2,5,21,26,19.2307692307692,4,0,0,19.04762,03.11.2021 12:15 Uhr,1781349409.15576,247961.891121753
211,08337,Baden-Württemberg,8,LK Waldshut,1,1,4,6,10,40,2,2,100,33.33333,03.11.2021 12:15 Uhr,2495154695.01465,410000.008471574
212,08415,Baden-Württemberg,8,LK Reutlingen,1,3,8,33,41,19.5121951219512,4,1,25,12.12121,03.11.2021 12:15 Uhr,2476405533.96143,373260.253781813
213,08416,Baden-Württemberg,8,LK Tübingen,2,5,8,90,98,8.16326530612245,9,6,66,10,03.11.2021 12:15 Uhr,1182499055.63623,253959.145297464
214,08417,Baden-Württemberg,8,LK Zollernalbkreis,2,2,6,20,26,23.0769230769231,5,2,40,25,03.11.2021 12:15 Uhr,2068629393.46191,300180.288648179
215,08421,Baden-Württemberg,8,SK Ulm,4,5,33,96,129,25.5813953488372,11,10,90,11.45833,03.11.2021 12:15 Uhr,270453748.825684,136522.491696894
216,08425,Baden-Württemberg,8,LK Alb-Donau-Kreis,2,2,2,16,18,11.1111111111111,4,1,25,25,03.11.2021 12:15 Uhr,3077085734.43701,602021.499194226
217,08426,Baden-Württemberg,8,LK Biberach,1,1,1,15,16,6.25,3,3,100,20,03.11.2021 12:15 Uhr,3159855150.30273,438646.936788325
218,08435,Baden-Württemberg,8,LK Bodenseekreis,3,5,21,45,66,31.8181818181818,6,5,83,13.33333,03.11.2021 12:15 Uhr,1469869059.35645,289918.753543491
219,08436,Baden-Württemberg,8,LK Ravensburg,4,6,14,52,66,21.2121212121212,12,7,58,23.07692,03.11.2021 12:15 Uhr,3617995904.35156,481966.022166725
220,08437,Baden-Württemberg,8,LK Sigmaringen,2,2,0,10,10,0,3,2,66,30,03.11.2021 12:15 Uhr,2692607258.68115,434475.740461581
221,09161,Bayern,9,SK Ingolstadt,1,1,2,41,43,4.65116279069767,11,7,63,26.82927,03.11.2021 12:15 Uhr,307183347.058594,115865.930585069
222,09162,Bayern,9,SK München,24,35,34,501,535,6.35514018691589,65,37,56,12.97405,03.11.2021 12:15 Uhr,699170067.834961,169919.925214668
223,09163,Bayern,9,SK Rosenheim,1,3,6,34,40,15,10,0,0,29.41176,03.11.2021 12:15 Uhr,81569027.0532227,45867.446972191
224,09171,Bayern,9,LK Altötting,2,3,0,25,25,0,4,1,25,16,03.11.2021 12:15 Uhr,1281160591.13867,239838.690927221
225,09172,Bayern,9,LK Berchtesgadener Land,3,3,0,19,19,0,2,1,50,10.52632,03.11.2021 12:15 Uhr,1852878760.99072,330527.42031747
226,09173,Bayern,9,LK Bad Tölz-Wolfratshausen,2,2,1,23,24,4.16666666666667,5,5,100,21.73913,03.11.2021 12:15 Uhr,2455436976.04541,349101.617925536
227,09174,Bayern,9,LK Dachau,1,1,0,26,26,0,5,3,60,19.23077,03.11.2021 12:15 Uhr,1310365326.83594,247088.017823829
228,09175,Bayern,9,LK Ebersberg,1,1,0,19,19,0,5,4,80,26.31579,03.11.2021 12:15 Uhr,1230813847.79102,234582.260026661
229,09176,Bayern,9,LK Eichstätt,3,3,4,44,48,8.33333333333333,2,1,50,4.545455,03.11.2021 12:15 Uhr,2807461510.19531,467115.675565459
230,09177,Bayern,9,LK Erding,1,1,0,19,19,0,7,6,85,36.84211,03.11.2021 12:15 Uhr,1966377437.82178,276314.021253114
231,09178,Bayern,9,LK Freising,1,1,0,10,10,0,5,3,60,50,03.11.2021 12:15 Uhr,1813220325.05371,298620.193732157
232,09179,Bayern,9,LK Fürstenfeldbruck,1,1,1,8,9,11.1111111111111,2,1,50,25,03.11.2021 12:15 Uhr,977185673.925293,226032.419673349
233,09180,Bayern,9,LK Garmisch-Partenkirchen,2,4,10,54,64,15.625,6,4,66,11.11111,03.11.2021 12:15 Uhr,2220512781.47314,299539.526548376
234,09182,Bayern,9,LK Miesbach,1,1,0,24,24,0,8,8,100,33.33333,03.11.2021 12:15 Uhr,1915498654.76123,313081.732472105
235,09183,Bayern,9,LK Mühldorf a.Inn,1,1,0,12,12,0,4,0,0,33.33333,03.11.2021 12:15 Uhr,1813458821.8623,377104.865475643
236,09184,Bayern,9,LK München,2,2,2,8,10,20,0,0,0,0,03.11.2021 12:15 Uhr,1486361982.15186,378572.459479733
237,09185,Bayern,9,LK Neuburg-Schrobenhausen,2,4,3,31,34,8.82352941176471,4,2,50,12.90323,03.11.2021 12:15 Uhr,1695078423.53027,334944.25819224
238,09186,Bayern,9,LK Pfaffenhofen a.d.Ilm,1,1,2,6,8,25,2,2,100,33.33333,03.11.2021 12:15 Uhr,1737772541.65869,346746.802566645
239,09187,Bayern,9,LK Rosenheim,5,5,8,58,66,12.1212121212121,11,6,54,18.96552,03.11.2021 12:15 Uhr,3200301008.1958,563609.289448017
240,09188,Bayern,9,LK Starnberg,5,6,7,39,46,15.2173913043478,9,3,33,23.07692,03.11.2021 12:15 Uhr,1086844652.80566,231265.499062603
241,09189,Bayern,9,LK Traunstein,2,3,9,42,51,17.6470588235294,8,4,50,19.04762,03.11.2021 12:15 Uhr,3407599877.12988,471117.3407004
242,09190,Bayern,9,LK Weilheim-Schongau,3,3,4,19,23,17.3913043478261,5,5,100,26.31579,03.11.2021 12:15 Uhr,2141758114.19092,405404.233914164
243,09261,Bayern,9,SK Landshut,3,5,4,51,55,7.27272727272727,4,2,50,7.843137,03.11.2021 12:15 Uhr,150832696.012207,101561.768599834
244,09262,Bayern,9,SK Passau,2,4,11,35,46,23.9130434782609,10,4,40,28.57143,03.11.2021 12:15 Uhr,160315432.274414,87886.5150466374
245,09263,Bayern,9,SK Straubing,1,1,3,23,26,11.5384615384615,8,4,50,34.78261,03.11.2021 12:15 Uhr,156248958.556641,83984.6992141531
246,09271,Bayern,9,LK Deggendorf,2,2,1,28,29,3.44827586206897,8,4,50,28.57143,03.11.2021 12:15 Uhr,1981529567.99316,324180.832261388
247,09272,Bayern,9,LK Freyung-Grafenau,2,2,0,16,16,0,5,2,40,31.25,03.11.2021 12:15 Uhr,2268230067.26855,310229.351642126
248,09273,Bayern,9,LK Kelheim,3,3,2,8,10,20,2,0,0,25,03.11.2021 12:15 Uhr,2454310968.43555,421294.848406959
249,09274,Bayern,9,LK Landshut,1,1,0,6,6,0,2,0,0,33.33333,03.11.2021 12:15 Uhr,3073429060.2793,531181.065358764
250,09275,Bayern,9,LK Passau,2,2,1,25,26,3.84615384615385,7,2,28,28,03.11.2021 12:15 Uhr,3489985633.43555,526385.586407995
251,09276,Bayern,9,LK Regen,2,2,0,14,14,0,5,1,20,35.71429,03.11.2021 12:15 Uhr,2264859025.81738,295740.079485798
252,09277,Bayern,9,LK Rottal-Inn,2,2,2,14,16,12.5,7,5,71,50,03.11.2021 12:15 Uhr,2906719231.27539,438030.405092287
253,09278,Bayern,9,LK Straubing-Bogen,2,2,1,9,10,10,4,1,25,44.44444,03.11.2021 12:15 Uhr,2776703091.08105,506184.41846678
254,09279,Bayern,9,LK Dingolfing-Landau,1,1,0,8,8,0,0,0,0,0,03.11.2021 12:15 Uhr,2007915647.84521,398108.736971757
255,09361,Bayern,9,SK Amberg,1,3,11,28,39,28.2051282051282,6,3,50,21.42857,03.11.2021 12:15 Uhr,119216888.490723,69504.3741092604
256,09362,Bayern,9,SK Regensburg,4,7,34,170,204,16.6666666666667,24,20,83,14.11765,03.11.2021 12:15 Uhr,185301371.691895,90802.6303086325
257,09363,Bayern,9,SK Weiden i.d.OPf.,1,3,5,46,51,9.80392156862745,4,1,25,8.695652,03.11.2021 12:15 Uhr,168352305.541016,110511.680032082
258,09371,Bayern,9,LK Amberg-Sulzbach,1,1,4,6,10,40,2,1,50,33.33333,03.11.2021 12:15 Uhr,2970871081.22705,579507.416309514
259,09372,Bayern,9,LK Cham,1,1,0,10,10,0,8,6,75,80,03.11.2021 12:15 Uhr,3578407926.52295,458013.375628377
260,09373,Bayern,9,LK Neumarkt i.d.OPf.,1,1,3,17,20,15,5,3,60,29.41176,03.11.2021 12:15 Uhr,3148266970.77539,465031.269773964
261,09375,Bayern,9,LK Regensburg,2,2,4,10,14,28.5714285714286,2,1,50,20,03.11.2021 12:15 Uhr,3236182402.09033,627679.172654975
262,09376,Bayern,9,LK Schwandorf,4,4,5,17,22,22.7272727272727,4,2,50,23.52941,03.11.2021 12:15 Uhr,3435524626.44531,532824.694894146
263,09461,Bayern,9,SK Bamberg,1,4,9,40,49,18.3673469387755,2,2,100,5,03.11.2021 12:15 Uhr,132280349.074707,63557.6005373846
264,09462,Bayern,9,SK Bayreuth,2,7,4,56,60,6.66666666666667,2,2,100,3.571429,03.11.2021 12:15 Uhr,161551846.495605,100380.310303765
265,09464,Bayern,9,SK Hof,1,3,3,30,33,9.09090909090909,4,2,50,13.33333,03.11.2021 12:15 Uhr,142564522.442871,85325.5563028009
266,09471,Bayern,9,LK Bamberg,2,2,8,8,16,50,1,1,100,12.5,03.11.2021 12:15 Uhr,2808796206.55762,562772.884270151
267,09472,Bayern,9,LK Bayreuth,1,1,4,3,7,57.1428571428571,0,0,0,0,03.11.2021 12:15 Uhr,3064091612.33936,598398.669072405
268,09474,Bayern,9,LK Forchheim,2,2,3,10,13,23.0769230769231,1,1,100,10,03.11.2021 12:15 Uhr,1536468444.84814,311564.150458206
269,09475,Bayern,9,LK Hof,2,2,0,17,17,0,3,1,33,17.64706,03.11.2021 12:15 Uhr,2184683929.49756,457516.342196557
270,09476,Bayern,9,LK Kronach,1,1,6,9,15,40,1,0,0,11.11111,03.11.2021 12:15 Uhr,1596621880.33545,305332.810315146
271,09477,Bayern,9,LK Kulmbach,1,1,1,24,25,4,1,1,100,4.166667,03.11.2021 12:15 Uhr,1597553316.50586,316481.905806576
272,09478,Bayern,9,LK Lichtenfels,3,3,5,34,39,12.8205128205128,3,2,66,8.823529,03.11.2021 12:15 Uhr,1262243169.89258,291669.699513581
273,09479,Bayern,9,LK Wunsiedel i.Fichtelgebirge,2,2,1,15,16,6.25,0,0,0,0,03.11.2021 12:15 Uhr,1470891648.04736,229696.777986028
274,09561,Bayern,9,SK Ansbach,2,2,3,20,23,13.0434782608696,4,0,0,20,03.11.2021 12:15 Uhr,234428203.727051,107768.409283523
275,09562,Bayern,9,SK Erlangen,3,5,15,109,124,12.0967741935484,16,16,100,14.6789,03.11.2021 12:15 Uhr,185360047.211914,81969.2288217232
276,09563,Bayern,9,SK Fürth,1,3,9,35,44,20.4545454545455,5,3,60,14.28571,03.11.2021 12:15 Uhr,149880127.552246,70522.7928698972
277,09564,Bayern,9,SK Nürnberg,6,12,29,159,188,15.4255319148936,22,11,50,13.83648,03.11.2021 12:15 Uhr,443366724.794922,212538.92024898
278,09571,Bayern,9,LK Ansbach,3,3,5,17,22,22.7272727272727,0,0,0,0,03.11.2021 12:15 Uhr,4624980427.9502,669676.488129165
279,09572,Bayern,9,LK Erlangen-Höchstadt,1,1,0,3,3,0,0,0,0,0,03.11.2021 12:15 Uhr,1344621767.34619,466165.657478308
280,09574,Bayern,9,LK Nürnberger Land,3,3,4,21,25,16,9,9,100,42.85714,03.11.2021 12:15 Uhr,1888763325.65088,430777.340986326
281,09575,Bayern,9,LK Neustadt a.d.Aisch-Bad Windsheim,2,2,10,38,48,20.8333333333333,1,1,100,2.631579,03.11.2021 12:15 Uhr,3011470107.72852,440970.727418121
282,09577,Bayern,9,LK Weißenburg-Gunzenhausen,2,2,0,14,14,0,4,2,50,28.57143,03.11.2021 12:15 Uhr,2255344017.12988,339821.849587258
283,09661,Bayern,9,SK Aschaffenburg,1,3,1,55,56,1.78571428571429,4,2,50,7.272727,03.11.2021 12:15 Uhr,149556448.134277,78276.0992653704
284,09662,Bayern,9,SK Schweinfurt,2,4,1,65,66,1.51515151515152,7,0,0,10.76923,03.11.2021 12:15 Uhr,85969900.5556641,61481.236660717
285,09663,Bayern,9,SK Würzburg,2,4,25,115,140,17.8571428571429,10,8,80,8.695652,03.11.2021 12:15 Uhr,210367277.251465,100627.763989785
286,09672,Bayern,9,LK Bad Kissingen,4,4,4,36,40,10,2,0,0,5.555555,03.11.2021 12:15 Uhr,2776105545.61523,436166.928203977
287,09673,Bayern,9,LK Rhön-Grabfeld,1,1,17,124,141,12.0567375886525,10,4,40,8.064516,03.11.2021 12:15 Uhr,2508239626.80762,401390.656582784
288,09674,Bayern,9,LK Haßberge,2,2,3,6,9,33.3333333333333,0,0,0,0,03.11.2021 12:15 Uhr,2318393205.58252,389118.338393936
289,09675,Bayern,9,LK Kitzingen,1,1,1,6,7,14.2857142857143,0,0,0,0,03.11.2021 12:15 Uhr,1636600454.53174,311087.393952966
290,09676,Bayern,9,LK Miltenberg,1,1,1,9,10,10,0,0,0,0,03.11.2021 12:15 Uhr,1711970384.64746,349071.166751975
291,07337,Rheinland-Pfalz,7,LK Südliche Weinstraße,2,2,1,12,13,7.69230769230769,0,0,0,0,03.11.2021 12:15 Uhr,1495955445.95166,415552.509171097
292,09576,Bayern,9,LK Roth,1,1,2,3,5,40,0,0,0,0,03.11.2021 12:15 Uhr,2094729471.604,458466.218841617
293,09671,Bayern,9,LK Aschaffenburg,1,1,0,6,6,0,0,0,0,0,03.11.2021 12:15 Uhr,1690671266.27197,356443.831881424
294,09677,Bayern,9,LK Main-Spessart,1,1,1,5,6,16.6666666666667,2,1,50,40,03.11.2021 12:15 Uhr,3194651643.85938,445759.580203314
295,07338,Rheinland-Pfalz,7,LK Rhein-Pfalz-Kreis,,,,,,,,,,,,718940754.231445,280541.63363693
296,09181,Bayern,9,LK Landsberg a.Lech,1,2,1,13,14,7.14285714285714,5,1,20,38.46154,03.11.2021 12:15 Uhr,1795207432.14648,329149.245444323
297,09374,Bayern,9,LK Neustadt a.d.Waldnaab,,,,,,,,,,,,3408395398.93066,595409.988084229
298,09377,Bayern,9,LK Tirschenreuth,2,2,4,14,18,22.2222222222222,0,0,0,0,03.11.2021 12:15 Uhr,2610996235.94141,355626.925557488
299,09463,Bayern,9,SK Coburg,1,3,4,36,40,10,3,2,66,8.333333,03.11.2021 12:15 Uhr,117680811.41748,74218.4424207633
300,09473,Bayern,9,LK Coburg,,,,,,,,,,,,1444499818.47266,413977.676642121
301,09565,Bayern,9,SK Schwabach,1,1,1,3,4,25,2,1,50,66.66666,03.11.2021 12:15 Uhr,95756209.9243164,68152.0825511911
302,09573,Bayern,9,LK Fürth,,,,,,,,,,,,725958301.614258,182549.29980541
303,09678,Bayern,9,LK Schweinfurt,2,2,3,3,6,50,0,0,0,0,03.11.2021 12:15 Uhr,2035518607.72168,505065.719981687
304,09679,Bayern,9,LK Würzburg,1,1,1,8,9,11.1111111111111,0,0,0,0,03.11.2021 12:15 Uhr,2312828195.24365,521053.331048358
305,09761,Bayern,9,SK Augsburg,3,6,20,120,140,14.2857142857143,17,12,70,14.16667,03.11.2021 12:15 Uhr,331276554.850098,129842.845048596
306,09762,Bayern,9,SK Kaufbeuren,1,1,0,13,13,0,5,1,20,38.46154,03.11.2021 12:15 Uhr,89869590.9345703,58684.0711696927
307,09763,Bayern,9,SK Kempten,1,3,5,37,42,11.9047619047619,4,0,0,10.81081,03.11.2021 12:15 Uhr,139762223.376465,79526.671898711
308,09764,Bayern,9,SK Memmingen,1,3,5,25,30,16.6666666666667,8,4,50,32,03.11.2021 12:15 Uhr,155796109.742676,94265.6415884094
309,09771,Bayern,9,LK Aichach-Friedberg,2,2,0,13,13,0,4,3,75,30.76923,03.11.2021 12:15 Uhr,1769636610.2666,340565.091280318
310,09772,Bayern,9,LK Augsburg,2,2,6,6,12,50,1,0,0,16.66667,03.11.2021 12:15 Uhr,2424713360.69678,464836.611064801
311,09773,Bayern,9,LK Dillingen a.d.Donau,2,2,1,13,14,7.14285714285714,3,1,33,23.07692,03.11.2021 12:15 Uhr,1808304086.42285,365898.44041572
312,09774,Bayern,9,LK Günzburg,4,4,5,41,46,10.8695652173913,3,1,33,7.317073,03.11.2021 12:15 Uhr,1727564587.72412,349022.161162254
313,09775,Bayern,9,LK Neu-Ulm,2,2,3,15,18,16.6666666666667,3,0,0,20,03.11.2021 12:15 Uhr,1164308367.90967,224160.351731693
314,09776,Bayern,9,LK Lindau,2,2,3,8,11,27.2727272727273,2,1,50,25,03.11.2021 12:15 Uhr,710488816.196777,213180.05305999
315,09777,Bayern,9,LK Ostallgäu,3,3,4,13,17,23.5294117647059,3,1,33,23.07692,03.11.2021 12:15 Uhr,3082296470.16553,608257.457852251
316,09778,Bayern,9,LK Unterallgäu,2,2,3,11,14,21.4285714285714,3,0,0,27.27273,03.11.2021 12:15 Uhr,2749104333.87988,486864.397049716
317,09779,Bayern,9,LK Donau-Ries,3,3,0,24,24,0,5,2,40,20.83333,03.11.2021 12:15 Uhr,2935087942.24365,507734.639991952
318,09780,Bayern,9,LK Oberallgäu,2,2,3,13,16,18.75,6,4,66,46.15385,03.11.2021 12:15 Uhr,3355986508.61572,506533.123601396
319,10041,Saarland,10,LK Stadtverband Saarbrücken,7,9,19,156,175,10.8571428571429,9,2,22,5.769231,03.11.2021 12:15 Uhr,964958664.656738,246818.844161429
320,10042,Saarland,10,LK Merzig-Wadern,1,1,3,9,12,25,0,0,0,0,03.11.2021 12:15 Uhr,1318674892.12549,238173.023301555
321,10043,Saarland,10,LK Neunkirchen,2,4,6,30,36,16.6666666666667,1,0,0,3.333333,03.11.2021 12:15 Uhr,584725255.848633,165431.496689928
322,10044,Saarland,10,LK Saarlouis,3,4,10,50,60,16.6666666666667,5,3,60,10,03.11.2021 12:15 Uhr,1080689313.63135,243313.565845178
323,10045,Saarland,10,LK Saar-Pfalz-Kreis,2,4,11,154,165,6.66666666666667,5,3,60,3.246753,03.11.2021 12:15 Uhr,982515052.77832,244420.293003187
324,10046,Saarland,10,LK Sankt Wendel,1,1,1,13,14,7.14285714285714,1,0,0,7.692307,03.11.2021 12:15 Uhr,1129166510.64746,226123.115292722
325,12051,Brandenburg,12,SK Brandenburg a.d.Havel,3,4,14,53,67,20.8955223880597,1,0,0,1.886792,03.11.2021 12:15 Uhr,615018150.212891,230904.058390544
326,12052,Brandenburg,12,SK Cottbus,2,3,8,83,91,8.79120879120879,6,2,33,7.228916,03.11.2021 12:15 Uhr,430453421.649414,141414.746056664
327,12053,Brandenburg,12,SK Frankfurt (Oder),1,1,6,6,12,50,0,0,0,0,03.11.2021 12:15 Uhr,394813326.00293,108148.928537589
328,12054,Brandenburg,12,SK Potsdam,4,6,8,60,68,11.7647058823529,10,5,50,16.66667,03.11.2021 12:15 Uhr,501969889.376953,157741.965813411
329,12060,Brandenburg,12,LK Barnim,2,2,9,57,66,13.6363636363636,2,1,50,3.508772,03.11.2021 12:15 Uhr,4048232580.00684,561487.385939554
330,12061,Brandenburg,12,LK Dahme-Spreewald,5,5,6,28,34,17.6470588235294,4,3,75,14.28571,03.11.2021 12:15 Uhr,6005849659.95117,707702.598636891
331,12062,Brandenburg,12,LK Elbe-Elster,2,2,2,10,12,16.6666666666667,0,0,0,0,03.11.2021 12:15 Uhr,4920405089.36328,490272.922044575
332,12063,Brandenburg,12,LK Havelland,2,4,5,16,21,23.8095238095238,1,0,0,6.25,03.11.2021 12:15 Uhr,4679073520.55176,566879.445659582
333,12064,Brandenburg,12,LK Märkisch-Oderland,3,3,5,18,23,21.7391304347826,3,0,0,16.66667,03.11.2021 12:15 Uhr,5840478689.24023,517312.913626373
334,12065,Brandenburg,12,LK Oberhavel,5,5,10,29,39,25.6410256410256,2,2,100,6.896552,03.11.2021 12:15 Uhr,4961528195.1875,596335.661500184
335,12066,Brandenburg,12,LK Oberspreewald-Lausitz,1,1,3,18,21,14.2857142857143,2,1,50,11.11111,03.11.2021 12:15 Uhr,3167294888.10645,406805.730210567
336,12067,Brandenburg,12,LK Oder-Spree,2,2,7,30,37,18.9189189189189,4,2,50,13.33333,03.11.2021 12:15 Uhr,6010790496.60254,612267.256248955
337,12068,Brandenburg,12,LK Ostprignitz-Ruppin,3,3,5,42,47,10.6382978723404,1,0,0,2.380952,03.11.2021 12:15 Uhr,6958846399.99023,635788.743645364
338,12069,Brandenburg,12,LK Potsdam-Mittelmark,2,2,5,41,46,10.8695652173913,5,3,60,12.19512,03.11.2021 12:15 Uhr,6905788059.24902,770785.233060644
339,12070,Brandenburg,12,LK Prignitz,2,2,2,12,14,14.2857142857143,1,1,100,8.333333,03.11.2021 12:15 Uhr,5924414500.82568,524252.278479812
340,12071,Brandenburg,12,LK Spree-Neiße,3,3,5,13,18,27.7777777777778,2,0,0,15.38461,03.11.2021 12:15 Uhr,4318333157.16504,563602.714058665
341,12072,Brandenburg,12,LK Teltow-Fläming,2,2,1,14,15,6.66666666666667,1,0,0,7.142857,03.11.2021 12:15 Uhr,5559984643.04199,518986.669054785
342,12073,Brandenburg,12,LK Uckermark,4,4,6,22,28,21.4285714285714,2,1,50,9.090909,03.11.2021 12:15 Uhr,8558502952.61523,654739.736848497
343,13003,Mecklenburg-Vorpommern,13,SK Rostock,2,4,16,101,117,13.6752136752137,3,0,0,2.970297,03.11.2021 12:15 Uhr,492027848.02832,229883.863238911
344,13004,Mecklenburg-Vorpommern,13,SK Schwerin,1,1,4,48,52,7.69230769230769,1,1,100,2.083333,03.11.2021 12:15 Uhr,368935349.548828,117087.976432366
345,13071,Mecklenburg-Vorpommern,13,LK Mecklenburgische Seenplatte,5,7,15,65,80,18.75,2,1,50,3.076923,03.11.2021 12:15 Uhr,15533861643.1758,864480.586855791
346,13072,Mecklenburg-Vorpommern,13,LK Rostock,4,6,14,31,45,31.1111111111111,0,0,0,0,03.11.2021 12:15 Uhr,9863753552.13477,797789.427551622
347,13073,Mecklenburg-Vorpommern,13,LK Vorpommern-Rügen,4,4,15,44,59,25.4237288135593,2,1,50,4.545455,03.11.2021 12:15 Uhr,9262695251.66113,1937419.85296216
348,13074,Mecklenburg-Vorpommern,13,LK Nordwestmecklenburg,2,2,6,11,17,35.2941176470588,0,0,0,0,03.11.2021 12:15 Uhr,6085167316.48096,717122.952267467
349,13075,Mecklenburg-Vorpommern,13,LK Vorpommern-Greifswald,7,9,18,158,176,10.2272727272727,7,2,28,4.43038,03.11.2021 12:15 Uhr,10849427414.8008,1403288.49855975
350,13076,Mecklenburg-Vorpommern,13,LK Ludwigslust-Parchim,7,7,18,107,125,14.4,3,3,100,2.803738,03.11.2021 12:15 Uhr,13416958902.7676,914647.233187216
351,14511,Sachsen,14,SK Chemnitz,3,7,19,161,180,10.5555555555556,19,10,52,11.80124,03.11.2021 12:15 Uhr,553513284.857422,150701.949572954
352,14521,Sachsen,14,LK Erzgebirgskreis,6,7,13,71,84,15.4761904761905,25,14,56,35.21127,03.11.2021 12:15 Uhr,4530707258.16992,498158.993835793
353,14522,Sachsen,14,LK Mittelsachsen,5,5,9,39,48,18.75,11,9,81,28.20513,03.11.2021 12:15 Uhr,5321350922.53418,585981.377314357
354,14523,Sachsen,14,LK Vogtlandkreis,5,6,11,49,60,18.3333333333333,6,4,66,12.2449,03.11.2021 12:15 Uhr,3479973351.53955,488884.854717258
355,14524,Sachsen,14,LK Zwickau,5,6,17,84,101,16.8316831683168,14,8,57,16.66667,03.11.2021 12:15 Uhr,2369282199.09863,373187.218880015
356,14612,Sachsen,14,SK Dresden,6,16,29,244,273,10.6227106227106,42,22,52,17.21312,03.11.2021 12:15 Uhr,829293872.467773,199726.10934071
357,14625,Sachsen,14,LK Bautzen,6,7,8,55,63,12.6984126984127,19,11,57,34.54546,03.11.2021 12:15 Uhr,6111152229.96387,552282.123981227
358,14626,Sachsen,14,LK Görlitz,6,7,16,48,64,25,9,2,22,18.75,03.11.2021 12:15 Uhr,5375447525.0166,546597.39926966
359,14627,Sachsen,14,LK Meißen,5,5,8,55,63,12.6984126984127,17,11,64,30.90909,03.11.2021 12:15 Uhr,3713630336.16016,417980.310995193
360,14628,Sachsen,14,LK Sächsische Schweiz-Osterzgebirge,6,6,8,71,79,10.126582278481,30,5,16,42.25352,03.11.2021 12:15 Uhr,4155034185.30273,456651.147956838
361,14713,Sachsen,14,SK Leipzig,7,11,42,295,337,12.4629080118694,19,12,63,6.440678,03.11.2021 12:15 Uhr,765219135.688477,193486.75867704
362,14729,Sachsen,14,LK Leipzig,3,4,9,50,59,15.2542372881356,7,5,71,14,03.11.2021 12:15 Uhr,4204149199.59766,542575.443615267
363,14730,Sachsen,14,LK Nordsachsen,8,8,19,40,59,32.2033898305085,5,1,20,12.5,03.11.2021 12:15 Uhr,5218035017.5,657404.671289236
364,15001,Sachsen-Anhalt,15,SK Dessau-Roßlau,1,3,11,25,36,30.5555555555556,1,1,100,4,03.11.2021 12:15 Uhr,644586100.373047,187462.635158348
365,15002,Sachsen-Anhalt,15,SK Halle,5,10,33,231,264,12.5,14,10,71,6.060606,03.11.2021 12:15 Uhr,349419256.029297,124757.442596661
366,15003,Sachsen-Anhalt,15,SK Magdeburg,6,9,13,188,201,6.46766169154229,7,7,100,3.723404,03.11.2021 12:15 Uhr,530931537.324707,137889.133778949
367,15081,Sachsen-Anhalt,15,LK Altmarkkreis Salzwedel,2,2,2,15,17,11.7647058823529,1,0,0,6.666667,03.11.2021 12:15 Uhr,6256833588.00293,501171.644837851
368,15082,Sachsen-Anhalt,15,LK Anhalt-Bitterfeld,3,3,9,24,33,27.2727272727273,9,4,44,37.5,03.11.2021 12:15 Uhr,3812804256.13477,548199.002407521
369,15083,Sachsen-Anhalt,15,LK Börde,2,2,3,14,17,17.6470588235294,2,0,0,14.28571,03.11.2021 12:15 Uhr,6323543871.96338,607307.560059104
370,15084,Sachsen-Anhalt,15,LK Burgenlandkreis,3,3,7,26,33,21.2121212121212,2,1,50,7.692307,03.11.2021 12:15 Uhr,3600472656.45557,470699.386703854
371,15085,Sachsen-Anhalt,15,LK Harz,4,5,21,38,59,35.5932203389831,4,1,25,10.52632,03.11.2021 12:15 Uhr,5508699523.98438,526534.914894553
372,15086,Sachsen-Anhalt,15,LK Jerichower Land,2,2,7,18,25,28,3,1,33,16.66667,03.11.2021 12:15 Uhr,4235752325.63965,404313.166133675
373,15087,Sachsen-Anhalt,15,LK Mansfeld-Südharz,3,3,1,27,28,3.57142857142857,7,1,14,25.92593,03.11.2021 12:15 Uhr,3758073831.51416,532095.053838729
374,15088,Sachsen-Anhalt,15,LK Saalekreis,2,2,7,15,22,31.8181818181818,3,2,66,20,03.11.2021 12:15 Uhr,3699105596.97705,595866.041932234
375,15089,Sachsen-Anhalt,15,LK Salzlandkreis,4,4,1,33,34,2.94117647058824,2,2,100,6.060606,03.11.2021 12:15 Uhr,3755595434.32227,426501.533487135
376,15090,Sachsen-Anhalt,15,LK Stendal,2,3,6,18,24,25,0,0,0,0,03.11.2021 12:15 Uhr,6623787372.91309,640432.669318068
377,15091,Sachsen-Anhalt,15,LK Wittenberg,2,4,12,20,32,37.5,2,2,100,10,03.11.2021 12:15 Uhr,5077383788.52148,465899.238711545
378,16051,Th\u00fcringen,16,SK Erfurt,2,3,11,63,74,14.8648648648649,10,6,60,15.87302,03.11.2021 12:15 Uhr,681167190.494629,168663.468016569
379,16052,Th\u00fcringen,16,SK Gera,1,1,0,42,42,0,7,1,14,16.66667,03.11.2021 12:15 Uhr,382282769.758789,118847.014406626
380,16053,Th\u00fcringen,16,SK Jena,1,3,6,99,105,5.71428571428571,7,3,42,7.070707,03.11.2021 12:15 Uhr,288667695.62793,109100.177755886
381,16054,Th\u00fcringen,16,SK Suhl,1,2,11,17,28,39.2857142857143,3,2,66,17.64706,03.11.2021 12:15 Uhr,254141516.755859,128821.868054191
382,16055,Th\u00fcringen,16,SK Weimar,1,1,1,13,14,7.14285714285714,2,0,0,15.38461,03.11.2021 12:15 Uhr,212715062.350586,101517.547415415
383,16056,Th\u00fcringen,16,SK Eisenach,1,1,3,12,15,20,0,0,0,0,03.11.2021 12:15 Uhr,263356228.892578,109059.221888309
384,16061,Th\u00fcringen,16,LK Eichsfeld,2,2,2,18,20,10,5,1,20,27.77778,03.11.2021 12:15 Uhr,2416363025.37305,332684.454533918
385,16062,Th\u00fcringen,16,LK Nordhausen,3,4,22,36,58,37.9310344827586,4,2,50,11.11111,03.11.2021 12:15 Uhr,1840466248.38135,296739.153427903
386,16063,Th\u00fcringen,16,LK Wartburgkreis,3,3,9,64,73,12.3287671232877,4,1,25,6.25,03.11.2021 12:15 Uhr,3277612202.2832,671093.747485726
387,16064,Th\u00fcringen,16,LK Unstrut-Hainich-Kreis,3,4,3,14,17,17.6470588235294,6,2,33,42.85714,03.11.2021 12:15 Uhr,2488654063.60889,344380.720558053
388,16066,Th\u00fcringen,16,LK Schmalkalden-Meiningen,2,2,0,42,42,0,12,2,16,28.57143,03.11.2021 12:15 Uhr,3005494619.41406,448443.38581908
389,16067,Th\u00fcringen,16,LK Gotha,2,2,4,15,19,21.0526315789474,7,3,42,46.66667,03.11.2021 12:15 Uhr,2351244664.69531,316890.318191469
390,16068,Th\u00fcringen,16,LK Sömmerda,1,1,0,6,6,0,1,0,0,16.66667,03.11.2021 12:15 Uhr,2048485377.48877,366673.147104217
391,16069,Th\u00fcringen,16,LK Hildburghausen,1,1,3,5,8,37.5,2,2,100,40,03.11.2021 12:15 Uhr,2308270442.8291,417132.742409499
392,16070,Th\u00fcringen,16,LK Ilm-Kreis,2,3,5,12,17,29.4117647058824,4,3,75,33.33333,03.11.2021 12:15 Uhr,2103160740.42676,351415.253865719
393,16071,Th\u00fcringen,16,LK Weimarer Land,3,3,9,70,79,11.3924050632911,7,6,85,10,03.11.2021 12:15 Uhr,2025759467.28027,428039.32749763
394,16072,Th\u00fcringen,16,LK Sonneberg,1,1,2,4,6,33.3333333333333,1,1,100,25,03.11.2021 12:15 Uhr,1065088756.2998,252597.061436226
395,16073,Th\u00fcringen,16,LK Saalfeld-Rudolstadt,1,1,1,19,20,5,6,1,16,31.57895,03.11.2021 12:15 Uhr,2573320767.58105,455088.043132598
396,16074,Th\u00fcringen,16,LK Saale-Holzland-Kreis,1,1,0,8,8,0,1,1,100,12.5,03.11.2021 12:15 Uhr,2047912876.90283,372357.947582172
397,16075,Th\u00fcringen,16,LK Saale-Orla-Kreis,1,1,2,3,5,40,0,0,0,0,03.11.2021 12:15 Uhr,2852667734.81641,401160.809356599
398,16076,Th\u00fcringen,16,LK Greiz,1,1,1,9,10,10,0,0,0,0,03.11.2021 12:15 Uhr,2111001763.9917,454967.841261805
399,16077,Th\u00fcringen,16,LK Altenburger Land,1,2,6,26,32,18.75,2,1,50,7.692307,03.11.2021 12:15 Uhr,1433182875.22754,252550.823747868
400,11000,Berlin,11,Berlin,41,64,91,1074,1165,7.81115879828326,112,79,70,10.42831,03.11.2021 12:15 Uhr,2402459838.24512,363979.193241828
401,16065,Th\u00fcringen,16,LK Kyffhäuserkreis,1,1,0,6,6,0,0,0,0,0,03.11.2021 12:15 Uhr,2654159831.04688,433770.342494176
